{"cameraMode":{"drawMode":0,"name":"Shaded","section":"Shading Mode"},"sceneLighting":true,"audioPlay":false,"sceneViewState":{"showFog":true,"showMaterialUpdate":false,"showSkybox":true,"showFlares":true,"showImageEffects":true,"showParticleSystems":true},"in2DMode":false,"pivot":{"x":1.76318359375,"y":0.85205078125,"z":0.28271484375},"rotation":{"x":0.25930675864219668,"y":-0.26380670070648196,"z":0.0738634392619133,"w":0.9261265993118286},"size":5.749425411224365,"orthographic":true}